,,,YAW,PITCH,ROLL
,50:59.4,ypr,102.86,126.22,148.32
1,50:59.4,ypr,102.94,126.26,148.3
3,50:59.4,ypr,103.02,126.29,148.28
5,50:59.4,ypr,103.1,126.31,148.24
7,50:59.4,ypr,103.18,126.32,148.2
9,50:59.4,ypr,103.25,126.33,148.16
11,50:59.5,ypr,103.33,126.32,148.12
13,50:59.5,ypr,103.41,126.31,148.04
15,50:59.5,ypr,103.5,126.31,147.98
17,50:59.5,ypr,103.58,126.29,147.89
19,50:59.5,ypr,103.67,126.27,147.81
21,50:59.5,ypr,103.75,126.24,147.73
23,50:59.5,ypr,103.84,126.21,147.61
25,50:59.5,ypr,103.93,126.19,147.5
27,50:59.5,ypr,104.03,126.19,147.4
29,50:59.5,ypr,104.13,126.17,147.29
31,50:59.5,ypr,104.23,126.16,147.18
33,50:59.6,ypr,104.32,126.17,147.1
35,50:59.6,ypr,104.42,126.17,147.01
37,50:59.6,ypr,104.52,126.18,146.93
39,50:59.6,ypr,104.61,126.2,146.85
41,50:59.6,ypr,104.71,126.22,146.78
43,50:59.6,ypr,104.8,126.25,146.72
45,50:59.6,ypr,104.88,126.27,146.68
47,50:59.6,ypr,104.97,126.29,146.62
49,50:59.6,ypr,105.05,126.31,146.57
51,50:59.7,ypr,105.14,126.33,146.51
53,50:59.7,ypr,105.22,126.34,146.46
55,50:59.7,ypr,105.31,126.37,146.4
57,50:59.7,ypr,105.39,126.38,146.35
59,50:59.7,ypr,105.47,126.4,146.29
61,50:59.7,ypr,105.56,126.41,146.23
63,50:59.7,ypr,105.65,126.42,146.16
65,50:59.7,ypr,105.74,126.42,146.09
67,50:59.7,ypr,105.83,126.42,146
69,50:59.7,ypr,105.94,126.43,145.91
71,50:59.7,ypr,106.03,126.45,145.85
73,50:59.8,ypr,106.12,126.47,145.78
75,50:59.8,ypr,106.22,126.49,145.73
77,50:59.8,ypr,106.3,126.52,145.69
79,50:59.8,ypr,106.4,126.55,145.64
81,50:59.8,ypr,106.48,126.58,145.6
83,50:59.8,ypr,106.56,126.62,145.57
85,50:59.8,ypr,106.64,126.66,145.54
87,50:59.8,ypr,106.73,126.69,145.5
89,50:59.8,ypr,106.81,126.72,145.45
91,50:59.9,ypr,106.91,126.75,145.39
93,50:59.9,ypr,107,126.77,145.33
95,50:59.9,ypr,107.1,126.78,145.25
97,50:59.9,ypr,107.19,126.81,145.18
99,50:59.9,ypr,107.29,126.84,145.1
101,50:59.9,ypr,107.38,126.86,145.03
103,50:59.9,ypr,107.47,126.88,144.96
105,50:59.9,ypr,107.56,126.92,144.91
107,50:59.9,ypr,107.65,126.97,144.88
109,50:59.9,ypr,107.73,127,144.84
111,51:00.0,ypr,107.82,127.03,144.79
113,51:00.0,ypr,107.91,127.06,144.74
115,51:00.0,ypr,108,127.09,144.67
117,51:00.0,ypr,108.09,127.1,144.6
119,51:00.0,ypr,108.19,127.12,144.53
121,51:00.0,ypr,108.29,127.15,144.46
123,51:00.0,ypr,108.38,127.18,144.4
125,51:00.0,ypr,108.47,127.2,144.34
127,51:00.0,ypr,108.56,127.23,144.29
129,51:00.0,ypr,108.65,127.25,144.21
131,51:00.1,ypr,108.74,127.26,144.15
133,51:00.1,ypr,108.83,127.28,144.08
135,51:00.1,ypr,108.93,127.3,144.01
137,51:00.1,ypr,109.02,127.32,143.94
139,51:00.1,ypr,109.12,127.35,143.87
141,51:00.1,ypr,109.21,127.38,143.82
143,51:00.1,ypr,109.3,127.4,143.77
145,51:00.1,ypr,109.39,127.44,143.71
147,51:00.1,ypr,109.48,127.47,143.66
149,51:00.1,ypr,109.58,127.48,143.58
151,51:00.2,ypr,109.67,127.51,143.52
153,51:00.2,ypr,109.76,127.53,143.46
155,51:00.2,ypr,109.85,127.55,143.4
157,51:00.2,ypr,109.95,127.57,143.32
159,51:00.2,ypr,110.04,127.58,143.25
161,51:00.2,ypr,110.12,127.6,143.18
163,51:00.2,ypr,110.22,127.62,143.11
165,51:00.2,ypr,110.31,127.65,143.05
167,51:00.2,ypr,110.39,127.68,143.01
169,51:00.2,ypr,110.48,127.72,142.98
171,51:00.2,ypr,110.55,127.77,142.96
173,51:00.3,ypr,110.63,127.8,142.94
175,51:00.3,ypr,110.71,127.83,142.91
177,51:00.3,ypr,110.79,127.88,142.87
179,51:00.3,ypr,110.88,127.91,142.83
181,51:00.3,ypr,110.97,127.94,142.78
183,51:00.3,ypr,111.05,127.99,142.74
185,51:00.3,ypr,111.12,128.02,142.72
187,51:00.3,ypr,111.19,128.06,142.69
189,51:00.3,ypr,111.26,128.1,142.67
191,51:00.4,ypr,111.35,128.14,142.64
193,51:00.4,ypr,111.44,128.19,142.6
195,51:00.4,ypr,111.52,128.23,142.57
197,51:00.4,ypr,111.61,128.28,142.53
199,51:00.4,ypr,111.69,128.33,142.5
201,51:00.4,ypr,111.77,128.38,142.47
203,51:00.4,ypr,111.85,128.42,142.44
205,51:00.4,ypr,111.93,128.46,142.4
207,51:00.4,ypr,112.02,128.5,142.36
209,51:00.4,ypr,112.11,128.55,142.33
211,51:00.4,ypr,112.19,128.59,142.3
213,51:00.5,ypr,112.26,128.63,142.28
215,51:00.5,ypr,112.34,128.67,142.26
217,51:00.5,ypr,112.42,128.7,142.22
219,51:00.5,ypr,112.5,128.72,142.17
221,51:00.5,ypr,112.59,128.75,142.12
223,51:00.5,ypr,112.69,128.78,142.06
225,51:00.5,ypr,112.78,128.81,142
227,51:00.5,ypr,112.86,128.84,141.96
229,51:00.5,ypr,112.95,128.86,141.91
231,51:00.6,ypr,113.03,128.9,141.88
233,51:00.6,ypr,113.11,128.93,141.85
235,51:00.6,ypr,113.19,128.95,141.8
237,51:00.6,ypr,113.27,128.98,141.76
239,51:00.6,ypr,113.35,129,141.72
241,51:00.6,ypr,113.42,129,141.67
243,51:00.6,ypr,113.51,129.01,141.6
245,51:00.6,ypr,113.58,128.99,141.52
247,51:00.6,ypr,113.66,129.01,141.47
249,51:00.6,ypr,113.71,129.03,141.45
251,51:00.7,ypr,113.76,129.02,141.42
253,51:00.7,ypr,113.78,129.02,141.42
255,51:00.7,ypr,113.78,129,141.46
257,51:00.7,ypr,113.75,128.94,141.52
259,51:00.7,ypr,113.7,128.85,141.57
261,51:00.7,ypr,113.63,128.72,141.6
263,51:00.7,ypr,113.55,128.57,141.66
265,51:00.7,ypr,113.39,128.26,141.7
267,51:00.7,ypr,113.21,127.86,141.64
269,51:00.7,ypr,113.04,127.51,141.6
271,51:00.7,ypr,112.93,127.18,141.47
273,51:00.8,ypr,112.86,126.94,141.34
275,51:00.8,ypr,112.85,126.79,141.19
277,51:00.8,ypr,112.9,126.73,141.08
279,51:00.8,ypr,112.95,126.78,141.13
281,51:00.8,ypr,112.98,126.85,141.3
283,51:00.8,ypr,112.99,126.94,141.56
285,51:00.8,ypr,113,127.08,141.85
287,51:00.8,ypr,112.99,127.27,142.21
289,51:00.8,ypr,112.98,127.52,142.58
291,51:00.9,ypr,112.98,127.81,142.93
293,51:00.9,ypr,112.99,128.1,143.25
295,51:00.9,ypr,113.01,128.48,143.62
297,51:00.9,ypr,113.02,128.87,144.05
299,51:00.9,ypr,113.02,129.31,144.5
301,51:00.9,ypr,113.03,129.85,144.99
303,51:00.9,ypr,113.03,130.41,145.49
305,51:00.9,ypr,113.06,131,145.91
307,51:00.9,ypr,113.1,131.64,146.3
309,51:00.9,ypr,113.15,132.25,146.58
311,51:00.9,ypr,113.16,132.91,146.88
313,51:01.0,ypr,113.14,133.57,147.18
315,51:01.0,ypr,113.11,134.23,147.45
317,51:01.0,ypr,113.04,134.86,147.73
319,51:01.0,ypr,112.95,135.46,148.03
321,51:01.0,ypr,112.86,135.99,148.21
323,51:01.0,ypr,112.78,136.52,148.29
325,51:01.0,ypr,112.71,137.03,148.3
327,51:01.0,ypr,112.68,137.48,148.24
329,51:01.0,ypr,112.64,137.91,148.14
331,51:01.1,ypr,112.58,138.35,148.09
333,51:01.1,ypr,112.52,138.8,148.03
335,51:01.1,ypr,112.42,139.25,147.99
337,51:01.1,ypr,112.3,139.77,148
339,51:01.1,ypr,112.15,140.22,148.02
341,51:01.1,ypr,111.93,140.72,148.12
343,51:01.1,ypr,111.62,141.16,148.29
345,51:01.1,ypr,111.26,141.51,148.45
347,51:01.1,ypr,110.9,141.77,148.59
349,51:01.1,ypr,110.55,142.02,148.74
351,51:01.2,ypr,110.25,142.2,148.83
353,51:01.2,ypr,109.99,142.37,148.89
355,51:01.2,ypr,109.78,142.59,148.92
357,51:01.2,ypr,109.6,142.85,148.92
359,51:01.2,ypr,109.42,143.15,148.92
361,51:01.2,ypr,109.23,143.45,148.94
363,51:01.2,ypr,109.01,143.82,148.98
365,51:01.2,ypr,108.77,144.23,149.07
367,51:01.2,ypr,108.52,144.58,149.14
369,51:01.2,ypr,108.25,144.92,149.23
371,51:01.3,ypr,108,145.22,149.31
373,51:01.3,ypr,107.76,145.5,149.38
375,51:01.3,ypr,107.53,145.76,149.48
377,51:01.3,ypr,107.29,145.97,149.6
379,51:01.3,ypr,107.07,146.13,149.7
381,51:01.3,ypr,106.86,146.29,149.83
383,51:01.3,ypr,106.67,146.41,149.94
385,51:01.3,ypr,106.5,146.56,150.04
387,51:01.3,ypr,106.38,146.7,150.11
389,51:01.3,ypr,106.28,146.84,150.18
391,51:01.4,ypr,106.18,146.9,150.25
393,51:01.4,ypr,106.05,146.9,150.29
395,51:01.4,ypr,105.92,146.77,150.24
397,51:01.4,ypr,105.8,146.53,150.15
399,51:01.4,ypr,105.71,146.2,149.97
401,51:01.4,ypr,105.68,145.78,149.68
403,51:01.4,ypr,105.66,145.34,149.37
405,51:01.4,ypr,105.66,144.97,149.05
407,51:01.4,ypr,105.68,144.68,148.8
409,51:01.4,ypr,105.69,144.46,148.65
411,51:01.5,ypr,105.68,144.32,148.57
413,51:01.5,ypr,105.65,144.17,148.55
415,51:01.5,ypr,105.63,144,148.45
417,51:01.5,ypr,105.62,143.82,148.29
419,51:01.5,ypr,105.61,143.66,148.12
421,51:01.5,ypr,105.68,143.43,147.84
423,51:01.5,ypr,105.79,143.2,147.52
425,51:01.5,ypr,105.92,143,147.25
427,51:01.5,ypr,106.07,142.8,147.01
429,51:01.5,ypr,106.17,142.61,146.86
431,51:01.6,ypr,106.18,142.43,146.81
433,51:01.6,ypr,106.13,142.25,146.84
435,51:01.6,ypr,106.03,142.05,146.89
437,51:01.6,ypr,105.93,141.8,146.94
439,51:01.6,ypr,105.82,141.53,146.95
441,51:01.6,ypr,105.75,141.28,146.89
443,51:01.6,ypr,105.72,141.02,146.78
445,51:01.6,ypr,105.78,140.81,146.6
447,51:01.6,ypr,105.89,140.57,146.41
449,51:01.6,ypr,106.04,140.36,146.26
451,51:01.6,ypr,106.16,140.17,146.18
453,51:01.7,ypr,106.24,139.94,146.16
455,51:01.7,ypr,106.19,139.77,146.29
457,51:01.7,ypr,106.02,139.6,146.5
459,51:01.7,ypr,105.79,139.39,146.67
461,51:01.7,ypr,105.58,139.06,146.77
463,51:01.7,ypr,105.46,138.63,146.69
465,51:01.7,ypr,105.48,138.16,146.44
467,51:01.7,ypr,105.64,137.68,146.06
469,51:01.7,ypr,105.86,137.18,145.7
471,51:01.8,ypr,106.14,136.7,145.28
473,51:01.8,ypr,106.39,136.3,144.99
475,51:01.8,ypr,106.59,135.99,144.81
477,51:01.8,ypr,106.67,135.77,144.85
479,51:01.8,ypr,106.63,135.59,145.05
481,51:01.8,ypr,106.57,135.46,145.29
483,51:01.8,ypr,106.46,135.28,145.52
485,51:01.8,ypr,106.36,135.07,145.7
487,51:01.8,ypr,106.36,134.72,145.68
489,51:01.8,ypr,106.53,134.27,145.4
491,51:01.9,ypr,106.85,133.83,145
493,51:01.9,ypr,107.25,133.46,144.53
495,51:01.9,ypr,107.59,133.15,144.2
497,51:01.9,ypr,107.75,132.92,144.14
499,51:01.9,ypr,107.78,132.74,144.34
501,51:01.9,ypr,107.61,132.57,144.78
503,51:01.9,ypr,107.28,132.45,145.4
505,51:01.9,ypr,106.87,132.3,146.02
507,51:01.9,ypr,106.46,132.19,146.63
509,51:01.9,ypr,106.09,132.04,147.13
511,51:02.0,ypr,105.83,131.86,147.47
513,51:02.0,ypr,105.72,131.66,147.62
515,51:02.0,ypr,105.75,131.39,147.6
517,51:02.0,ypr,105.8,131.06,147.5
519,51:02.0,ypr,105.85,130.64,147.39
521,51:02.0,ypr,105.82,130.17,147.35
523,51:02.0,ypr,105.77,129.63,147.31
525,51:02.0,ypr,105.75,129.1,147.25
527,51:02.0,ypr,105.77,128.64,147.19
529,51:02.0,ypr,105.86,128.19,147.07
531,51:02.1,ypr,106.1,127.72,146.77
533,51:02.1,ypr,106.44,127.28,146.29
535,51:02.1,ypr,106.82,126.86,145.74
537,51:02.1,ypr,107.1,126.48,145.34
539,51:02.1,ypr,107.22,126.09,145.17
541,51:02.1,ypr,107.21,125.7,145.2
543,51:02.1,ypr,107.1,125.34,145.41
545,51:02.1,ypr,106.94,125,145.74
547,51:02.1,ypr,106.76,124.69,146.13
549,51:02.1,ypr,106.64,124.43,146.49
551,51:02.2,ypr,106.59,124.22,146.77
553,51:02.2,ypr,106.59,124.04,146.98
555,51:02.2,ypr,106.65,123.86,147.11
557,51:02.2,ypr,106.72,123.67,147.19
559,51:02.2,ypr,106.77,123.48,147.24
561,51:02.2,ypr,106.79,123.26,147.34
563,51:02.2,ypr,106.78,123.06,147.46
565,51:02.2,ypr,106.79,122.78,147.51
567,51:02.2,ypr,106.84,122.54,147.53
569,51:02.2,ypr,106.89,122.36,147.67
571,51:02.3,ypr,106.95,122.16,147.84
573,51:02.3,ypr,107.01,121.98,148.07
575,51:02.3,ypr,107.06,121.84,148.35
577,51:02.3,ypr,107.09,121.76,148.74
579,51:02.3,ypr,107.06,121.69,149.24
581,51:02.3,ypr,106.99,121.63,149.82
583,51:02.3,ypr,106.88,121.48,150.36
585,51:02.3,ypr,106.85,121.32,150.74
587,51:02.3,ypr,106.81,121.17,151.14
589,51:02.3,ypr,106.79,120.97,151.43
591,51:02.4,ypr,106.82,120.77,151.62
593,51:02.4,ypr,106.87,120.6,151.8
595,51:02.4,ypr,106.93,120.47,152
597,51:02.4,ypr,106.96,120.34,152.24
599,51:02.4,ypr,106.99,120.25,152.47
601,51:02.4,ypr,106.97,120.16,152.8
603,51:02.4,ypr,107,120.07,153.02
605,51:02.4,ypr,107.06,120.02,153.31
607,51:02.4,ypr,107.14,119.99,153.56
609,51:02.4,ypr,107.22,119.91,153.76
611,51:02.5,ypr,107.34,119.87,153.95
613,51:02.5,ypr,107.45,119.85,154.19
615,51:02.5,ypr,107.59,119.87,154.42
617,51:02.5,ypr,107.72,119.92,154.7
619,51:02.5,ypr,107.83,119.97,154.99
621,51:02.5,ypr,107.95,120.02,155.27
623,51:02.5,ypr,108.11,120.09,155.53
625,51:02.5,ypr,108.28,120.2,155.78
627,51:02.5,ypr,108.48,120.32,155.99
629,51:02.5,ypr,108.7,120.45,156.15
631,51:02.6,ypr,108.96,120.62,156.29
633,51:02.6,ypr,109.22,120.79,156.4
635,51:02.6,ypr,109.47,120.96,156.53
637,51:02.6,ypr,109.72,121.14,156.69
639,51:02.6,ypr,109.98,121.33,156.78
641,51:02.6,ypr,110.23,121.52,156.91
643,51:02.6,ypr,110.5,121.73,156.99
645,51:02.6,ypr,110.78,121.96,157.07
647,51:02.6,ypr,111.07,122.17,157.16
649,51:02.6,ypr,111.36,122.4,157.22
651,51:02.7,ypr,111.64,122.63,157.33
653,51:02.7,ypr,111.92,122.88,157.47
655,51:02.7,ypr,112.17,123.11,157.65
657,51:02.7,ypr,112.41,123.32,157.84
659,51:02.7,ypr,112.64,123.54,158.04
661,51:02.7,ypr,112.87,123.77,158.21
663,51:02.7,ypr,113.14,124.02,158.34
665,51:02.7,ypr,113.43,124.29,158.46
667,51:02.7,ypr,113.71,124.55,158.56
669,51:02.7,ypr,113.92,124.73,158.66
671,51:02.8,ypr,114.03,124.85,158.84
673,51:02.8,ypr,114.12,124.96,159.03
675,51:02.8,ypr,114.17,125.11,159.27
677,51:02.8,ypr,114.26,125.25,159.46
679,51:02.8,ypr,114.38,125.45,159.63
681,51:02.8,ypr,114.55,125.69,159.79
683,51:02.8,ypr,114.76,125.96,159.91
685,51:02.8,ypr,114.98,126.25,160.04
687,51:02.8,ypr,115.22,126.57,160.17
689,51:02.8,ypr,115.43,126.86,160.31
691,51:02.9,ypr,115.62,127.13,160.46
693,51:02.9,ypr,115.79,127.37,160.6
695,51:02.9,ypr,115.95,127.62,160.75
697,51:02.9,ypr,116.11,127.87,160.88
699,51:02.9,ypr,116.27,128.11,160.99
701,51:02.9,ypr,116.45,128.36,161.07
703,51:02.9,ypr,116.64,128.6,161.09
705,51:02.9,ypr,116.86,128.84,161.08
707,51:02.9,ypr,117.11,129.08,161.01
709,51:02.9,ypr,117.35,129.32,160.9
711,51:03.0,ypr,117.6,129.54,160.76
713,51:03.0,ypr,117.86,129.8,160.61
715,51:03.0,ypr,118.1,130.05,160.51
717,51:03.0,ypr,118.33,130.29,160.39
719,51:03.0,ypr,118.54,130.53,160.31
721,51:03.0,ypr,118.71,130.8,160.29
723,51:03.0,ypr,118.85,130.98,160.23
725,51:03.0,ypr,119,131.15,160.13
727,51:03.0,ypr,119.17,131.35,159.95
729,51:03.0,ypr,119.36,131.57,159.8
731,51:03.1,ypr,119.56,131.83,159.67
733,51:03.1,ypr,119.74,132.04,159.52
735,51:03.1,ypr,119.93,132.34,159.4
737,51:03.1,ypr,120.1,132.64,159.34
739,51:03.1,ypr,120.26,132.98,159.32
741,51:03.1,ypr,120.43,133.33,159.31
743,51:03.1,ypr,120.59,133.68,159.3
745,51:03.1,ypr,120.76,134.04,159.3
747,51:03.1,ypr,120.95,134.44,159.31
749,51:03.1,ypr,121.14,134.82,159.3
751,51:03.2,ypr,121.34,135.21,159.26
753,51:03.2,ypr,121.56,135.59,159.17
755,51:03.2,ypr,121.76,135.94,159.07
757,51:03.2,ypr,121.99,136.28,158.94
759,51:03.2,ypr,122.23,136.64,158.78
761,51:03.2,ypr,122.48,137.01,158.65
763,51:03.2,ypr,122.7,137.37,158.55
765,51:03.2,ypr,122.91,137.71,158.43
767,51:03.2,ypr,123.1,138.05,158.31
769,51:03.2,ypr,123.3,138.4,158.17
771,51:03.3,ypr,123.5,138.75,158
773,51:03.3,ypr,123.69,139.08,157.81
775,51:03.3,ypr,123.87,139.38,157.6
777,51:03.3,ypr,124.05,139.67,157.41
779,51:03.3,ypr,124.21,139.96,157.23
781,51:03.3,ypr,124.37,140.25,157.06
783,51:03.3,ypr,124.51,140.53,156.88
785,51:03.3,ypr,124.62,140.79,156.73
787,51:03.3,ypr,124.73,141.06,156.58
789,51:03.3,ypr,124.82,141.32,156.43
791,51:03.4,ypr,124.91,141.59,156.28
793,51:03.4,ypr,125,141.85,156.14
795,51:03.4,ypr,125.07,142.1,156
797,51:03.4,ypr,125.12,142.36,155.85
799,51:03.4,ypr,125.18,142.61,155.7
801,51:03.4,ypr,125.22,142.86,155.54
803,51:03.4,ypr,125.27,143.11,155.38
805,51:03.4,ypr,125.31,143.36,155.21
807,51:03.4,ypr,125.34,143.61,155.07
809,51:03.4,ypr,125.34,143.85,154.93
811,51:03.5,ypr,125.3,144.06,154.82
813,51:03.5,ypr,125.26,144.24,154.7
815,51:03.5,ypr,125.21,144.39,154.56
817,51:03.5,ypr,125.19,144.52,154.4
819,51:03.5,ypr,125.18,144.65,154.22
821,51:03.5,ypr,125.18,144.76,154.04
823,51:03.5,ypr,125.19,144.86,153.84
825,51:03.5,ypr,125.2,144.96,153.64
827,51:03.5,ypr,125.2,145.05,153.44
829,51:03.5,ypr,125.2,145.13,153.23
831,51:03.6,ypr,125.17,145.2,153.03
833,51:03.6,ypr,125.13,145.29,152.84
835,51:03.6,ypr,125.09,145.36,152.66
837,51:03.6,ypr,125.02,145.4,152.47
839,51:03.6,ypr,124.95,145.44,152.28
841,51:03.6,ypr,124.87,145.49,152.08
843,51:03.6,ypr,124.8,145.51,151.88
845,51:03.6,ypr,124.74,145.53,151.66
847,51:03.6,ypr,124.69,145.55,151.44
849,51:03.6,ypr,124.63,145.55,151.23
851,51:03.7,ypr,124.58,145.57,151.03
853,51:03.7,ypr,124.52,145.59,150.83
855,51:03.7,ypr,124.47,145.59,150.64
857,51:03.7,ypr,124.41,145.58,150.44
859,51:03.7,ypr,124.37,145.55,150.22
861,51:03.7,ypr,124.31,145.51,150
863,51:03.7,ypr,124.24,145.45,149.78
865,51:03.7,ypr,124.17,145.36,149.55
867,51:03.7,ypr,124.08,145.26,149.33
869,51:03.7,ypr,124,145.17,149.1
871,51:03.8,ypr,123.9,145.07,148.88
873,51:03.8,ypr,123.8,144.98,148.69
875,51:03.8,ypr,123.66,144.9,148.54
877,51:03.8,ypr,123.51,144.79,148.4
879,51:03.8,ypr,123.35,144.68,148.29
881,51:03.8,ypr,123.19,144.53,148.18
883,51:03.8,ypr,123.04,144.35,148.06
885,51:03.8,ypr,122.87,144.18,147.96
887,51:03.8,ypr,122.7,144.04,147.89
889,51:03.8,ypr,122.51,143.92,147.87
891,51:03.9,ypr,122.31,143.82,147.9
893,51:03.9,ypr,122.07,143.73,148.01
895,51:03.9,ypr,121.79,143.61,148.18
897,51:03.9,ypr,121.48,143.48,148.38
899,51:03.9,ypr,121.18,143.34,148.56
901,51:03.9,ypr,120.93,143.21,148.66
903,51:03.9,ypr,120.74,143.06,148.66
905,51:03.9,ypr,120.64,142.88,148.54
907,51:03.9,ypr,120.63,142.66,148.31
909,51:03.9,ypr,120.66,142.43,148.02
911,51:04.0,ypr,120.72,142.19,147.74
913,51:04.0,ypr,120.79,141.96,147.49
915,51:04.0,ypr,120.86,141.76,147.28
917,51:04.0,ypr,120.89,141.57,147.11
919,51:04.0,ypr,120.9,141.33,146.94
921,51:04.0,ypr,120.91,141.02,146.72
923,51:04.0,ypr,120.92,140.66,146.45
925,51:04.0,ypr,120.97,140.27,146.11
927,51:04.0,ypr,121.03,139.88,145.76
929,51:04.0,ypr,121.16,139.54,145.37
931,51:04.1,ypr,121.3,139.26,145.02
933,51:04.1,ypr,121.46,139.02,144.7
935,51:04.1,ypr,121.58,138.81,144.42
937,51:04.1,ypr,121.67,138.61,144.17
939,51:04.1,ypr,121.69,138.36,143.99
941,51:04.1,ypr,121.69,138.1,143.88
943,51:04.1,ypr,121.67,137.82,143.79
945,51:04.1,ypr,121.66,137.53,143.68
947,51:04.1,ypr,121.68,137.24,143.52
949,51:04.1,ypr,121.76,136.98,143.31
951,51:04.2,ypr,121.88,136.78,143.07
953,51:04.2,ypr,122.02,136.6,142.83
955,51:04.2,ypr,122.15,136.43,142.57
957,51:04.2,ypr,122.26,136.25,142.34
959,51:04.2,ypr,122.34,136.03,142.11
961,51:04.2,ypr,122.4,135.75,141.88
963,51:04.2,ypr,122.43,135.44,141.65
965,51:04.2,ypr,122.44,135.09,141.41
967,51:04.2,ypr,122.43,134.77,141.21
969,51:04.2,ypr,122.41,134.52,141.09
971,51:04.3,ypr,122.37,134.31,141.05
973,51:04.3,ypr,122.28,134.12,141.12
975,51:04.3,ypr,122.14,133.95,141.27
977,51:04.3,ypr,122.02,133.76,141.39
979,51:04.3,ypr,121.9,133.54,141.48
981,51:04.3,ypr,121.81,133.27,141.48
983,51:04.3,ypr,121.81,132.99,141.35
985,51:04.3,ypr,121.91,132.72,141.09
987,51:04.3,ypr,122.11,132.47,140.68
989,51:04.3,ypr,122.41,132.28,140.18
991,51:04.4,ypr,122.74,132.15,139.68
993,51:04.4,ypr,123.07,132.03,139.19
995,51:04.4,ypr,123.35,131.93,138.78
997,51:04.4,ypr,123.57,131.79,138.41
999,51:04.4,ypr,123.69,131.57,138.1
1001,51:04.4,ypr,123.74,131.29,137.82
1003,51:04.4,ypr,123.78,131.01,137.58
1005,51:04.4,ypr,123.8,130.76,137.41
1007,51:04.4,ypr,123.8,130.51,137.35
1009,51:04.4,ypr,123.79,130.29,137.4
1011,51:04.5,ypr,123.74,130.09,137.57
1013,51:04.5,ypr,123.68,129.92,137.87
1015,51:04.5,ypr,123.62,129.74,138.19
1017,51:04.5,ypr,123.56,129.56,138.49
1019,51:04.5,ypr,123.54,129.39,138.75
1021,51:04.5,ypr,123.53,129.21,139.02
1023,51:04.5,ypr,123.54,129.05,139.27
1025,51:04.5,ypr,123.58,128.88,139.49
1027,51:04.5,ypr,123.66,128.72,139.63
1029,51:04.5,ypr,123.76,128.61,139.8
1031,51:04.6,ypr,123.88,128.52,139.98
1033,51:04.6,ypr,124,128.46,140.16
1035,51:04.6,ypr,124.09,128.39,140.38
1037,51:04.6,ypr,124.15,128.32,140.62
1039,51:04.6,ypr,124.2,128.26,140.93
1041,51:04.6,ypr,124.22,128.19,141.3
1043,51:04.6,ypr,124.25,128.15,141.72
1045,51:04.6,ypr,124.28,128.12,142.19
1047,51:04.6,ypr,124.32,128.09,142.64
1049,51:04.6,ypr,124.38,128.04,143.05
1051,51:04.7,ypr,124.45,128,143.41
1053,51:04.7,ypr,124.55,127.97,143.74
1055,51:04.7,ypr,124.66,127.92,144.03
1057,51:04.7,ypr,124.78,127.85,144.29
1059,51:04.7,ypr,124.91,127.78,144.53
1061,51:04.7,ypr,125.03,127.7,144.79
1063,51:04.7,ypr,125.15,127.62,145.06
1065,51:04.7,ypr,125.28,127.56,145.38
1067,51:04.7,ypr,125.39,127.51,145.82
1069,51:04.7,ypr,125.49,127.45,146.3
1071,51:04.8,ypr,125.59,127.41,146.79
1073,51:04.8,ypr,125.71,127.38,147.3
1075,51:04.8,ypr,125.84,127.37,147.77
1077,51:04.8,ypr,126.01,127.38,148.19
1079,51:04.8,ypr,126.21,127.41,148.56
1081,51:04.8,ypr,126.45,127.47,148.91
1083,51:04.8,ypr,126.73,127.56,149.23
1085,51:04.8,ypr,127.06,127.72,149.56
1087,51:04.8,ypr,127.34,127.84,149.95
1089,51:04.8,ypr,127.63,127.94,150.33
1091,51:04.9,ypr,127.9,128.06,150.79
1093,51:04.9,ypr,128.16,128.17,151.27
1095,51:04.9,ypr,128.42,128.29,151.76
1097,51:04.9,ypr,128.71,128.43,152.21
1099,51:04.9,ypr,129.03,128.57,152.63
1101,51:04.9,ypr,129.34,128.71,152.99
1103,51:04.9,ypr,129.67,128.83,153.28
1105,51:04.9,ypr,130.02,128.94,153.52
1107,51:04.9,ypr,130.4,129.07,153.75
1109,51:04.9,ypr,130.78,129.23,153.99
1111,51:05.0,ypr,131.18,129.38,154.26
1113,51:05.0,ypr,131.58,129.57,154.56
1115,51:05.0,ypr,131.98,129.78,154.91
1117,51:05.0,ypr,132.38,130,155.27
1119,51:05.0,ypr,132.77,130.24,155.65
1121,51:05.0,ypr,133.16,130.48,156.03
1123,51:05.0,ypr,133.55,130.75,156.4
1125,51:05.0,ypr,133.94,131.03,156.76
1127,51:05.0,ypr,134.34,131.34,157.12
1129,51:05.0,ypr,134.73,131.65,157.5
1131,51:05.1,ypr,135.11,131.98,157.88
1133,51:05.1,ypr,135.49,132.32,158.26
1135,51:05.1,ypr,135.84,132.64,158.63
1137,51:05.1,ypr,136.19,132.96,158.98
1139,51:05.1,ypr,136.51,133.29,159.29
1141,51:05.1,ypr,136.84,133.63,159.58
1143,51:05.1,ypr,137.2,133.99,159.83
1145,51:05.1,ypr,137.58,134.38,160.06
1147,51:05.1,ypr,137.97,134.78,160.29
1149,51:05.1,ypr,138.35,135.2,160.53
1151,51:05.2,ypr,138.71,135.61,160.77
1153,51:05.2,ypr,139.08,136,161.01
1155,51:05.2,ypr,139.41,136.38,161.26
1157,51:05.2,ypr,139.71,136.75,161.49
1159,51:05.2,ypr,140,137.12,161.7
1161,51:05.2,ypr,140.27,137.49,161.89
1163,51:05.2,ypr,140.54,137.86,162.04
1165,51:05.2,ypr,140.79,138.21,162.2
1167,51:05.2,ypr,141.06,138.53,162.29
1169,51:05.2,ypr,141.34,138.82,162.35
1171,51:05.3,ypr,141.63,139.14,162.37
1173,51:05.3,ypr,141.95,139.51,162.41
1175,51:05.3,ypr,142.24,139.9,162.48
1177,51:05.3,ypr,142.52,140.31,162.58
1179,51:05.3,ypr,142.78,140.74,162.75
1181,51:05.3,ypr,143.01,141.22,162.96
1183,51:05.3,ypr,143.2,141.67,163.22
1185,51:05.3,ypr,143.35,142.09,163.48
1187,51:05.3,ypr,143.49,142.53,163.67
1189,51:05.3,ypr,143.61,142.92,163.79
1191,51:05.4,ypr,143.72,143.31,163.81
1193,51:05.4,ypr,143.87,143.74,163.83
1195,51:05.4,ypr,144.05,144.25,163.85
1197,51:05.4,ypr,144.23,144.76,163.86
1199,51:05.4,ypr,144.43,145.32,163.89
1201,51:05.4,ypr,144.63,145.88,163.96
1203,51:05.4,ypr,144.85,146.45,164
1205,51:05.4,ypr,145.08,147.05,164.04
1207,51:05.4,ypr,145.32,147.63,164.04
1209,51:05.4,ypr,145.57,148.19,163.99
1211,51:05.5,ypr,145.83,148.77,163.91
1213,51:05.5,ypr,146.09,149.35,163.8
1215,51:05.5,ypr,146.34,149.92,163.66
1217,51:05.5,ypr,146.58,150.47,163.51
1219,51:05.5,ypr,146.79,151.01,163.37
1221,51:05.5,ypr,146.98,151.53,163.21
1223,51:05.5,ypr,147.15,152.04,163.07
1225,51:05.5,ypr,147.3,152.53,162.93
1227,51:05.5,ypr,147.41,153.01,162.79
1229,51:05.5,ypr,147.51,153.48,162.64
1231,51:05.6,ypr,147.6,153.92,162.48
1233,51:05.6,ypr,147.68,154.34,162.3
1235,51:05.6,ypr,147.72,154.69,162.1
1237,51:05.6,ypr,147.76,155,161.87
1239,51:05.6,ypr,147.76,155.3,161.64
1241,51:05.6,ypr,147.74,155.54,161.37
1243,51:05.6,ypr,147.7,155.77,161.08
1245,51:05.6,ypr,147.65,156,160.81
1247,51:05.6,ypr,147.56,156.24,160.53
1249,51:05.6,ypr,147.45,156.49,160.28
1251,51:05.7,ypr,147.31,156.74,160.02
1253,51:05.7,ypr,147.16,156.99,159.76
1255,51:05.7,ypr,146.98,157.22,159.49
1257,51:05.7,ypr,146.79,157.41,159.19
1259,51:05.7,ypr,146.6,157.55,158.87
1261,51:05.7,ypr,146.42,157.69,158.55
1263,51:05.7,ypr,146.26,157.81,158.22
1265,51:05.7,ypr,146.11,157.91,157.89
1267,51:05.7,ypr,145.98,157.97,157.54
1269,51:05.8,ypr,145.84,157.99,157.18
1271,51:05.8,ypr,145.72,157.99,156.8
1273,51:05.8,ypr,145.59,157.95,156.42
1275,51:05.8,ypr,145.46,157.87,156.04
1277,51:05.8,ypr,145.32,157.78,155.65
1279,51:05.8,ypr,145.17,157.66,155.23
1281,51:05.8,ypr,145.02,157.5,154.8
1283,51:05.8,ypr,144.86,157.33,154.36
1285,51:05.8,ypr,144.69,157.1,153.91
1287,51:05.8,ypr,144.48,156.82,153.48
1289,51:05.8,ypr,144.25,156.52,153.07
1291,51:05.9,ypr,143.99,156.21,152.68
1293,51:05.9,ypr,143.7,155.85,152.31
1295,51:05.9,ypr,143.39,155.47,151.94
1297,51:05.9,ypr,143.05,155.09,151.57
1299,51:05.9,ypr,142.69,154.71,151.19
1301,51:05.9,ypr,142.32,154.34,150.83
1303,51:05.9,ypr,141.98,153.98,150.48
1305,51:05.9,ypr,141.68,153.6,150.13
1307,51:05.9,ypr,141.47,153.28,149.77
1309,51:05.9,ypr,141.33,152.98,149.41
1311,51:06.0,ypr,141.23,152.69,149.07
1313,51:06.0,ypr,141.15,152.41,148.75
1315,51:06.0,ypr,141.07,152.11,148.43
1317,51:06.0,ypr,140.99,151.78,148.1
1319,51:06.0,ypr,140.86,151.42,147.77
1321,51:06.0,ypr,140.69,151.03,147.42
1323,51:06.0,ypr,140.47,150.62,147.09
1325,51:06.0,ypr,140.22,150.18,146.78
1327,51:06.0,ypr,139.93,149.76,146.54
1329,51:06.0,ypr,139.64,149.35,146.38
1331,51:06.1,ypr,139.32,148.99,146.31
1333,51:06.1,ypr,138.97,148.61,146.3
1335,51:06.1,ypr,138.63,148.22,146.26
1337,51:06.1,ypr,138.26,147.78,146.22
1339,51:06.1,ypr,137.96,147.29,146.08
1341,51:06.1,ypr,137.7,146.74,145.86
1343,51:06.1,ypr,137.55,146.17,145.51
1345,51:06.1,ypr,137.52,145.64,145.07
1347,51:06.1,ypr,137.6,145.17,144.59
1349,51:06.1,ypr,137.78,144.77,144.08
1351,51:06.2,ypr,138.02,144.44,143.57
1353,51:06.2,ypr,138.31,144.2,143.14
1355,51:06.2,ypr,138.61,144.05,142.79
1357,51:06.2,ypr,138.84,143.91,142.53
1359,51:06.2,ypr,138.99,143.74,142.33
1361,51:06.2,ypr,139.02,143.49,142.19
1363,51:06.2,ypr,138.92,143.15,142.09
1365,51:06.2,ypr,138.78,142.76,141.98
1367,51:06.2,ypr,138.66,142.36,141.84
1369,51:06.2,ypr,138.6,142,141.67
1371,51:06.3,ypr,138.59,141.68,141.52
1373,51:06.3,ypr,138.64,141.42,141.41
1375,51:06.3,ypr,138.69,141.21,141.37
1377,51:06.3,ypr,138.75,141.04,141.4
1379,51:06.3,ypr,138.78,140.91,141.57
1381,51:06.3,ypr,138.76,140.81,141.87
1383,51:06.3,ypr,138.69,140.69,142.26
1385,51:06.3,ypr,138.59,140.52,142.64
1387,51:06.3,ypr,138.47,140.27,142.94
1389,51:06.3,ypr,138.37,139.97,143.17
1391,51:06.4,ypr,138.32,139.66,143.3
1393,51:06.4,ypr,138.37,139.36,143.28
1395,51:06.4,ypr,138.52,139.12,143.18
1397,51:06.4,ypr,138.74,138.93,143.03
1399,51:06.4,ypr,138.98,138.73,142.86
1401,51:06.4,ypr,139.19,138.5,142.71
1403,51:06.4,ypr,139.38,138.28,142.63
1405,51:06.4,ypr,139.49,138,142.61
1407,51:06.4,ypr,139.58,137.7,142.65
1409,51:06.4,ypr,139.66,137.41,142.77
1411,51:06.5,ypr,139.73,137.15,142.96
1413,51:06.5,ypr,139.83,136.94,143.22
1415,51:06.5,ypr,139.93,136.77,143.55
1417,51:06.5,ypr,140.04,136.61,143.91
1419,51:06.5,ypr,140.16,136.43,144.23
1421,51:06.5,ypr,140.31,136.27,144.55
1423,51:06.5,ypr,140.48,136.1,144.84
1425,51:06.5,ypr,140.65,135.9,145.12
1427,51:06.5,ypr,140.82,135.68,145.39
1429,51:06.5,ypr,140.98,135.44,145.68
1431,51:06.6,ypr,141.13,135.16,145.98
1433,51:06.6,ypr,141.3,134.88,146.32
1435,51:06.6,ypr,141.49,134.64,146.73
1437,51:06.6,ypr,141.7,134.45,147.21
1439,51:06.6,ypr,141.92,134.31,147.73
1441,51:06.6,ypr,142.13,134.2,148.31
1443,51:06.6,ypr,142.31,134.08,148.93
1445,51:06.6,ypr,142.47,133.93,149.57
1447,51:06.6,ypr,142.63,133.75,150.19
1449,51:06.6,ypr,142.79,133.57,150.82
1451,51:06.7,ypr,142.98,133.38,151.41
1453,51:06.7,ypr,143.19,133.19,152
1455,51:06.7,ypr,143.46,133.04,152.58
1457,51:06.7,ypr,143.74,132.92,153.2
1459,51:06.7,ypr,144.01,132.82,153.79
1461,51:06.7,ypr,144.31,132.74,154.35
1463,51:06.7,ypr,144.63,132.69,154.89
1465,51:06.7,ypr,144.97,132.65,155.39
1467,51:06.7,ypr,145.31,132.62,155.91
1469,51:06.7,ypr,145.68,132.6,156.42
1471,51:06.8,ypr,146.05,132.59,156.94
1473,51:06.8,ypr,146.46,132.62,157.45
1475,51:06.8,ypr,146.9,132.7,157.93
1477,51:06.8,ypr,147.37,132.81,158.41
1479,51:06.8,ypr,147.86,132.95,158.88
1481,51:06.8,ypr,148.38,133.11,159.33
1483,51:06.8,ypr,148.92,133.29,159.78
1485,51:06.8,ypr,149.5,133.52,160.24
1487,51:06.8,ypr,150.07,133.75,160.72
1489,51:06.8,ypr,150.63,133.99,161.23
1491,51:06.9,ypr,151.17,134.23,161.76
1493,51:06.9,ypr,151.69,134.46,162.3
1495,51:06.9,ypr,152.22,134.7,162.82
1497,51:06.9,ypr,152.76,134.94,163.32
1499,51:06.9,ypr,153.31,135.22,163.76
1501,51:06.9,ypr,153.89,135.54,164.19
1503,51:06.9,ypr,154.47,135.87,164.59
1505,51:06.9,ypr,155.05,136.23,164.99
1507,51:06.9,ypr,155.6,136.59,165.4
1509,51:06.9,ypr,156.13,136.96,165.81
1511,51:07.0,ypr,156.63,137.33,166.21
1513,51:07.0,ypr,157.12,137.69,166.6
1515,51:07.0,ypr,157.61,138.07,166.94
1517,51:07.0,ypr,158.1,138.47,167.24
1519,51:07.0,ypr,158.58,138.88,167.54
1521,51:07.0,ypr,159.03,139.29,167.8
1523,51:07.0,ypr,159.45,139.71,168.06
1525,51:07.0,ypr,159.85,140.14,168.32
1527,51:07.0,ypr,160.23,140.57,168.58
1529,51:07.0,ypr,160.59,141.01,168.82
1531,51:07.1,ypr,160.96,141.46,169.02
1533,51:07.1,ypr,161.32,141.92,169.23
1535,51:07.1,ypr,161.68,142.37,169.41
1537,51:07.1,ypr,162.02,142.83,169.57
1539,51:07.1,ypr,162.37,143.28,169.7
1541,51:07.1,ypr,162.7,143.71,169.78
1543,51:07.1,ypr,163.04,144.18,169.85
1545,51:07.1,ypr,163.33,144.63,169.92
1547,51:07.1,ypr,163.58,145.07,169.97
1549,51:07.1,ypr,163.83,145.51,170.01
1551,51:07.2,ypr,164.09,145.98,170.03
1553,51:07.2,ypr,164.34,146.47,170.06
1555,51:07.2,ypr,164.57,146.95,170.09
1557,51:07.2,ypr,164.76,147.43,170.13
1559,51:07.2,ypr,164.92,147.9,170.21
1561,51:07.2,ypr,165.08,148.39,170.24
1563,51:07.2,ypr,165.22,148.9,170.23
1565,51:07.2,ypr,165.38,149.42,170.2
1567,51:07.2,ypr,165.54,149.93,170.15
1569,51:07.2,ypr,165.71,150.45,170.08
1571,51:07.3,ypr,165.9,150.98,170.05
1573,51:07.3,ypr,166.09,151.52,169.98
1575,51:07.3,ypr,166.27,152.07,169.91
1577,51:07.3,ypr,166.41,152.61,169.83
1579,51:07.3,ypr,166.55,153.15,169.76
1581,51:07.3,ypr,166.66,153.69,169.72
1583,51:07.3,ypr,166.71,154.21,169.67
1585,51:07.3,ypr,166.75,154.71,169.6
1587,51:07.3,ypr,166.76,155.2,169.51
1589,51:07.3,ypr,166.78,155.66,169.37
1591,51:07.4,ypr,166.82,156.1,169.2
1593,51:07.4,ypr,166.89,156.54,169
1595,51:07.4,ypr,166.99,156.97,168.81
1597,51:07.4,ypr,167.11,157.4,168.6
1599,51:07.4,ypr,167.23,157.81,168.39
1601,51:07.4,ypr,167.33,158.2,168.17
1603,51:07.4,ypr,167.42,158.57,167.94
1605,51:07.4,ypr,167.51,158.9,167.69
1607,51:07.4,ypr,167.6,159.22,167.43
1609,51:07.4,ypr,167.69,159.53,167.16
1611,51:07.5,ypr,167.77,159.83,166.87
1613,51:07.5,ypr,167.84,160.15,166.59
1615,51:07.5,ypr,167.89,160.45,166.31
1617,51:07.5,ypr,167.93,160.73,166.04
1619,51:07.5,ypr,167.96,161,165.77
1621,51:07.5,ypr,167.98,161.27,165.5
1623,51:07.5,ypr,167.99,161.55,165.21
1625,51:07.5,ypr,168,161.82,164.94
1627,51:07.5,ypr,168.01,162.07,164.67
1629,51:07.5,ypr,168.01,162.29,164.4
1631,51:07.6,ypr,168.03,162.5,164.13
1633,51:07.6,ypr,168.05,162.7,163.86
1635,51:07.6,ypr,168.07,162.89,163.58
1637,51:07.6,ypr,168.08,163.07,163.3
1639,51:07.6,ypr,168.1,163.27,163.02
1641,51:07.6,ypr,168.13,163.46,162.75
1643,51:07.6,ypr,168.15,163.63,162.47
1645,51:07.6,ypr,168.15,163.78,162.18
1647,51:07.6,ypr,168.16,163.93,161.9
1649,51:07.7,ypr,168.18,164.08,161.6
1651,51:07.7,ypr,168.21,164.23,161.31
1653,51:07.7,ypr,168.22,164.36,161.02
1655,51:07.7,ypr,168.21,164.48,160.74
1657,51:07.7,ypr,168.17,164.58,160.48
1659,51:07.7,ypr,168.1,164.67,160.21
1661,51:07.7,ypr,168,164.72,159.93
1663,51:07.7,ypr,167.89,164.76,159.65
1665,51:07.7,ypr,167.82,164.82,159.33
1667,51:07.7,ypr,167.72,164.84,159.01
1669,51:07.7,ypr,167.63,164.83,158.66
1671,51:07.8,ypr,167.54,164.79,158.33
1673,51:07.8,ypr,167.45,164.75,158
1675,51:07.8,ypr,167.33,164.67,157.69
1677,51:07.8,ypr,167.19,164.56,157.38
1679,51:07.8,ypr,167.03,164.46,157.1
1681,51:07.8,ypr,166.86,164.31,156.82
1683,51:07.8,ypr,166.67,164.16,156.55
1685,51:07.8,ypr,166.48,163.97,156.26
1687,51:07.8,ypr,166.31,163.77,155.96
1689,51:07.8,ypr,166.16,163.55,155.65
1691,51:07.9,ypr,166.01,163.33,155.37
1693,51:07.9,ypr,165.87,163.11,155.12
1695,51:07.9,ypr,165.73,162.92,154.86
1697,51:07.9,ypr,165.56,162.7,154.62
1699,51:07.9,ypr,165.36,162.46,154.42
1701,51:07.9,ypr,165.14,162.22,154.23
1703,51:07.9,ypr,164.91,161.95,154.03
1705,51:07.9,ypr,164.7,161.7,153.82
1707,51:07.9,ypr,164.52,161.45,153.58
1709,51:07.9,ypr,164.36,161.22,153.38
1711,51:08.0,ypr,164.21,161.02,153.2
1713,51:08.0,ypr,164.06,160.8,153.08
1715,51:08.0,ypr,163.92,160.58,153
1717,51:08.0,ypr,163.82,160.39,152.97
1719,51:08.0,ypr,163.73,160.22,152.98
1721,51:08.0,ypr,163.66,160.06,153
1723,51:08.0,ypr,163.59,159.89,153.02
1725,51:08.0,ypr,163.54,159.68,152.98
1727,51:08.0,ypr,163.47,159.45,152.92
1729,51:08.0,ypr,163.41,159.18,152.83
1731,51:08.1,ypr,163.34,158.84,152.71
1733,51:08.1,ypr,163.25,158.47,152.57
1735,51:08.1,ypr,163.16,158.09,152.41
1737,51:08.1,ypr,163.06,157.71,152.2
1739,51:08.1,ypr,162.93,157.28,152.06
1741,51:08.1,ypr,162.81,156.85,151.93
1743,51:08.1,ypr,162.72,156.43,151.78
1745,51:08.1,ypr,162.67,156.01,151.57
1747,51:08.1,ypr,162.67,155.58,151.34
1749,51:08.1,ypr,162.71,155.21,151.03
1751,51:08.2,ypr,162.79,154.8,150.65
1753,51:08.2,ypr,162.91,154.39,150.27
1755,51:08.2,ypr,163.07,153.95,149.85
1757,51:08.2,ypr,163.3,153.6,149.38
1759,51:08.2,ypr,163.56,153.33,148.97
1761,51:08.2,ypr,163.84,153.14,148.65
1763,51:08.2,ypr,164.08,153,148.45
1765,51:08.2,ypr,164.3,152.94,148.39
1767,51:08.2,ypr,164.45,152.94,148.46
1769,51:08.2,ypr,164.53,152.95,148.63
1771,51:08.3,ypr,164.53,152.95,148.82
1773,51:08.3,ypr,164.46,152.89,149.01
1775,51:08.3,ypr,164.35,152.77,149.12
1777,51:08.3,ypr,164.22,152.58,149.17
1779,51:08.3,ypr,164.07,152.36,149.16
1781,51:08.3,ypr,163.94,152.17,149.09
1783,51:08.3,ypr,163.86,152.03,149.03
1785,51:08.3,ypr,163.81,151.88,149.08
1787,51:08.3,ypr,163.81,151.84,149.2
1789,51:08.3,ypr,163.83,151.83,149.44
1791,51:08.4,ypr,163.84,151.74,149.78
1793,51:08.4,ypr,163.87,151.58,150.16
1795,51:08.4,ypr,163.88,151.28,150.55
1797,51:08.4,ypr,163.88,150.86,150.81
1799,51:08.4,ypr,163.94,150.42,150.96
1801,51:08.4,ypr,164.07,150.12,151.04
1803,51:08.4,ypr,164.24,149.91,151.04
1805,51:08.4,ypr,164.41,149.69,151.16
1807,51:08.4,ypr,164.6,149.56,151.4
1809,51:08.4,ypr,164.76,149.45,151.78
1811,51:08.5,ypr,164.83,149.23,152.29
1813,51:08.5,ypr,164.86,148.96,152.85
1815,51:08.5,ypr,164.89,148.72,153.41
1817,51:08.5,ypr,164.95,148.51,153.9
1819,51:08.5,ypr,165.03,148.29,154.33
1821,51:08.5,ypr,165.16,148.05,154.72
1823,51:08.5,ypr,165.37,147.8,155.05
1825,51:08.5,ypr,165.62,147.53,155.32
1827,51:08.5,ypr,165.89,147.22,155.58
1829,51:08.5,ypr,166.2,146.9,155.84
1831,51:08.6,ypr,166.53,146.61,156.14
1833,51:08.6,ypr,166.87,146.3,156.51
1835,51:08.6,ypr,167.26,146.09,156.94
1837,51:08.6,ypr,167.69,146.02,157.43
1839,51:08.6,ypr,168.07,145.98,157.95
1841,51:08.6,ypr,168.42,145.96,158.54
1843,51:08.6,ypr,168.72,145.95,159.16
1845,51:08.6,ypr,169.06,145.95,159.78
1847,51:08.6,ypr,169.32,145.88,160.39
1849,51:08.6,ypr,169.54,145.7,160.97
1851,51:08.7,ypr,169.77,145.47,161.48
1853,51:08.7,ypr,170.04,145.2,161.9
1855,51:08.7,ypr,170.37,144.98,162.24
1857,51:08.7,ypr,170.77,144.83,162.55
1859,51:08.7,ypr,171.18,144.69,162.88
1861,51:08.7,ypr,171.59,144.58,163.27
1863,51:08.7,ypr,172.01,144.5,163.69
1865,51:08.7,ypr,172.42,144.45,164.15
1867,51:08.7,ypr,172.83,144.45,164.64
1869,51:08.7,ypr,173.23,144.48,165.12
1871,51:08.8,ypr,173.65,144.54,165.61
1873,51:08.8,ypr,174.09,144.64,166.09
1875,51:08.8,ypr,174.56,144.75,166.59
1877,51:08.8,ypr,175.06,144.89,167.07
1879,51:08.8,ypr,175.58,145.05,167.54
1881,51:08.8,ypr,176.12,145.2,168.02
1883,51:08.8,ypr,176.68,145.37,168.49
1885,51:08.8,ypr,177.25,145.58,168.97
1887,51:08.8,ypr,177.81,145.81,169.45
1889,51:08.8,ypr,178.37,146.06,169.94
1891,51:08.9,ypr,178.93,146.31,170.4
1893,51:08.9,ypr,179.47,146.58,170.84
1895,51:08.9,ypr,-179.99,146.86,171.26
1897,51:08.9,ypr,-179.47,147.13,171.67
1899,51:08.9,ypr,-178.98,147.41,172.08
1901,51:08.9,ypr,-178.52,147.68,172.46
1903,51:08.9,ypr,-178.07,147.96,172.83
1905,51:08.9,ypr,-177.64,148.25,173.18
1907,51:08.9,ypr,-177.23,148.53,173.53
1909,51:08.9,ypr,-176.85,148.83,173.86
1911,51:09.0,ypr,-176.48,149.13,174.17
1913,51:09.0,ypr,-176.11,149.44,174.46
1915,51:09.0,ypr,-175.74,149.77,174.75
1917,51:09.0,ypr,-175.38,150.08,175.02
1919,51:09.0,ypr,-175.02,150.41,175.3
1921,51:09.0,ypr,-174.69,150.76,175.57
1923,51:09.0,ypr,-174.39,151.11,175.82
1925,51:09.0,ypr,-174.1,151.45,176.06
1927,51:09.0,ypr,-173.83,151.81,176.28
1929,51:09.0,ypr,-173.56,152.19,176.49
1931,51:09.1,ypr,-173.32,152.56,176.68
1933,51:09.1,ypr,-173.09,152.92,176.89
1935,51:09.1,ypr,-172.87,153.26,177.1
1937,51:09.1,ypr,-172.69,153.57,177.31
1939,51:09.1,ypr,-172.56,153.85,177.52
1941,51:09.1,ypr,-172.45,154.13,177.72
1943,51:09.1,ypr,-172.38,154.4,177.94
1945,51:09.1,ypr,-172.3,154.66,178.15
1947,51:09.1,ypr,-172.21,154.93,178.34
1949,51:09.1,ypr,-172.08,155.22,178.48
1951,51:09.2,ypr,-171.94,155.53,178.55
1953,51:09.2,ypr,-171.81,155.89,178.56
1955,51:09.2,ypr,-171.65,156.27,178.56
1957,51:09.2,ypr,-171.49,156.67,178.54
1959,51:09.2,ypr,-171.33,157.03,178.52
1961,51:09.2,ypr,-171.16,157.37,178.51
1963,51:09.2,ypr,-170.95,157.74,178.46
1965,51:09.2,ypr,-170.75,158.11,178.41
1967,51:09.2,ypr,-170.57,158.48,178.35
1969,51:09.2,ypr,-170.44,158.86,178.3
1971,51:09.3,ypr,-170.33,159.27,178.24
1973,51:09.3,ypr,-170.26,159.69,178.17
1975,51:09.3,ypr,-170.21,160.1,178.07
1977,51:09.3,ypr,-170.17,160.51,177.96
1979,51:09.3,ypr,-170.13,160.94,177.87
1981,51:09.3,ypr,-170.11,161.37,177.74
1983,51:09.3,ypr,-170.09,161.86,177.65
1985,51:09.3,ypr,-170.07,162.39,177.56
1987,51:09.3,ypr,-170.06,162.88,177.46
1989,51:09.3,ypr,-170.08,163.29,177.35
1991,51:09.4,ypr,-170.1,163.64,177.21
1993,51:09.4,ypr,-170.08,163.98,177.04
1995,51:09.4,ypr,-170.02,164.36,176.87
1997,51:09.4,ypr,-169.93,164.77,176.7
1999,51:09.4,ypr,-169.82,165.18,176.53
2001,51:09.4,ypr,-169.69,165.61,176.36
2003,51:09.4,ypr,-169.58,166.06,176.2
2005,51:09.4,ypr,-169.5,166.51,176.05
2007,51:09.4,ypr,-169.45,166.97,175.9
2009,51:09.4,ypr,-169.46,167.41,175.75
2011,51:09.5,ypr,-169.54,167.81,175.58
2013,51:09.5,ypr,-169.68,168.2,175.39
2015,51:09.5,ypr,-169.86,168.6,175.19
2017,51:09.5,ypr,-170.06,169.01,174.98
2019,51:09.5,ypr,-170.27,169.43,174.75
2021,51:09.5,ypr,-170.49,169.85,174.52
2023,51:09.5,ypr,-170.72,170.22,174.28
2025,51:09.5,ypr,-170.94,170.53,174.04
2027,51:09.5,ypr,-171.15,170.79,173.77
2029,51:09.6,ypr,-171.34,171,173.5
2031,51:09.6,ypr,-171.52,171.2,173.21
2033,51:09.6,ypr,-171.68,171.4,172.9
2035,51:09.6,ypr,-171.83,171.61,172.59
2037,51:09.6,ypr,-172,171.78,172.25
2039,51:09.6,ypr,-172.2,171.94,171.9
2041,51:09.6,ypr,-172.41,172.07,171.55
2043,51:09.6,ypr,-172.65,172.17,171.22
2045,51:09.6,ypr,-172.9,172.21,170.9
2047,51:09.6,ypr,-173.17,172.18,170.56
2049,51:09.7,ypr,-173.42,172.09,170.19
2051,51:09.7,ypr,-173.66,171.9,169.8
2053,51:09.7,ypr,-173.86,171.65,169.39
2055,51:09.7,ypr,-174.05,171.31,168.94
2057,51:09.7,ypr,-174.22,170.89,168.47
2059,51:09.7,ypr,-174.39,170.44,167.99
2061,51:09.7,ypr,-174.54,169.99,167.5
2063,51:09.7,ypr,-174.67,169.57,167.03
2065,51:09.7,ypr,-174.78,169.18,166.57
2067,51:09.7,ypr,-174.88,168.81,166.12
2069,51:09.7,ypr,-174.94,168.53,165.72
2071,51:09.8,ypr,-174.97,168.33,165.34
2073,51:09.8,ypr,-174.98,168.16,164.99
2075,51:09.8,ypr,-174.96,168.05,164.67
2077,51:09.8,ypr,-174.91,167.98,164.36
2079,51:09.8,ypr,-174.84,167.94,164.05
2081,51:09.8,ypr,-174.75,167.92,163.74
2083,51:09.8,ypr,-174.67,167.86,163.4
2085,51:09.8,ypr,-174.62,167.76,163.08
2087,51:09.8,ypr,-174.59,167.66,162.77
2089,51:09.8,ypr,-174.58,167.53,162.47
2091,51:09.9,ypr,-174.58,167.45,162.21
2093,51:09.9,ypr,-174.59,167.39,162
2095,51:09.9,ypr,-174.64,167.32,161.83
2097,51:09.9,ypr,-174.71,167.3,161.66
2099,51:09.9,ypr,-174.81,167.28,161.53
2101,51:09.9,ypr,-174.93,167.24,161.39
2103,51:09.9,ypr,-175.09,167.18,161.2
2105,51:09.9,ypr,-175.3,167.08,160.98
2107,51:09.9,ypr,-175.53,166.97,160.75
2109,51:09.9,ypr,-175.71,166.8,160.5
2111,51:10.0,ypr,-175.83,166.56,160.28
2113,51:10.0,ypr,-175.88,166.34,160.06
2115,51:10.0,ypr,-175.88,166.12,159.86
2117,51:10.0,ypr,-175.87,165.88,159.58
2119,51:10.0,ypr,-175.85,165.6,159.22
2121,51:10.0,ypr,-175.85,165.24,158.73
2123,51:10.0,ypr,-175.9,164.75,158.22
2125,51:10.0,ypr,-176,164.14,157.74
2127,51:10.0,ypr,-176.16,163.5,157.31
2129,51:10.0,ypr,-176.35,162.9,156.98
2131,51:10.1,ypr,-176.58,162.41,156.7
2133,51:10.1,ypr,-176.89,162.04,156.45
2135,51:10.1,ypr,-177.27,161.7,156.23
2137,51:10.1,ypr,-177.7,161.34,156.05
2139,51:10.1,ypr,-178.11,161,155.91
2141,51:10.1,ypr,-178.48,160.58,155.74
2143,51:10.1,ypr,-178.78,160.08,155.56
2145,51:10.1,ypr,-179.01,159.54,155.33
2147,51:10.1,ypr,-179.13,158.95,155.03
2149,51:10.1,ypr,-179.13,158.34,154.69
2151,51:10.2,ypr,-178.97,157.77,154.32
2153,51:10.2,ypr,-178.7,157.25,153.94
2155,51:10.2,ypr,-178.36,156.79,153.6
2157,51:10.2,ypr,-178.01,156.39,153.33
2159,51:10.2,ypr,-177.67,156.03,153.14
2161,51:10.2,ypr,-177.41,155.7,153.05
2163,51:10.2,ypr,-177.24,155.38,153.04
2165,51:10.2,ypr,-177.2,155.02,153.1
2167,51:10.2,ypr,-177.22,154.66,153.2
2169,51:10.2,ypr,-177.32,154.28,153.31
2171,51:10.3,ypr,-177.43,153.85,153.46
2173,51:10.3,ypr,-177.49,153.51,153.69
2175,51:10.3,ypr,-177.49,153.22,153.99
2177,51:10.3,ypr,-177.43,152.96,154.35
2179,51:10.3,ypr,-177.29,152.76,154.79
2181,51:10.3,ypr,-177.07,152.63,155.31
2183,51:10.3,ypr,-176.81,152.55,155.87
2185,51:10.3,ypr,-176.52,152.49,156.45
2187,51:10.3,ypr,-176.22,152.43,157.04
2189,51:10.3,ypr,-175.89,152.35,157.59
2191,51:10.4,ypr,-175.56,152.24,158.09
2193,51:10.4,ypr,-175.18,152.13,158.54
2195,51:10.4,ypr,-174.74,151.99,159.02
2197,51:10.4,ypr,-174.21,151.9,159.51
2199,51:10.4,ypr,-173.56,151.87,160.05
2201,51:10.4,ypr,-172.77,152.01,160.61
2203,51:10.4,ypr,-171.85,152.32,161.12
2205,51:10.4,ypr,-170.91,152.59,161.65
2207,51:10.4,ypr,-170.04,152.75,162.11
2209,51:10.5,ypr,-169.21,153.01,162.77
2211,51:10.5,ypr,-168.45,153.43,163.62
2213,51:10.5,ypr,-167.81,153.83,164.31
2215,51:10.5,ypr,-167.4,154.27,164.98
2217,51:10.5,ypr,-167.07,154.71,165.62
2219,51:10.5,ypr,-166.86,155.21,166.43
2221,51:10.5,ypr,-166.65,155.6,167.25
2223,51:10.5,ypr,-166.49,155.91,168.09
2225,51:10.5,ypr,-166.34,156.13,168.96
2227,51:10.5,ypr,-166.2,156.24,169.82
2229,51:10.5,ypr,-166.02,156.26,170.66
2231,51:10.6,ypr,-165.85,156.26,171.46
2233,51:10.6,ypr,-165.62,156.16,172.21
2235,51:10.6,ypr,-165.4,156.01,172.92
2237,51:10.6,ypr,-165.15,155.83,173.58
2239,51:10.6,ypr,-164.88,155.64,174.16
2241,51:10.6,ypr,-164.6,155.41,174.7
2243,51:10.6,ypr,-164.33,155.19,175.24
2245,51:10.6,ypr,-164.03,154.96,175.76
2247,51:10.6,ypr,-163.74,154.72,176.27
2249,51:10.6,ypr,-163.41,154.46,176.82
2251,51:10.7,ypr,-163.08,154.23,177.41
2253,51:10.7,ypr,-162.73,154.02,178.02
2255,51:10.7,ypr,-162.39,153.84,178.61
2257,51:10.7,ypr,-162.04,153.7,179.15
2259,51:10.7,ypr,-161.68,153.59,179.69
2261,51:10.7,ypr,-161.33,153.54,-179.77
2263,51:10.7,ypr,-160.97,153.49,-179.25
2265,51:10.7,ypr,-160.58,153.38,-178.75
2267,51:10.7,ypr,-160.2,153.28,-178.25
2269,51:10.7,ypr,-159.82,153.24,-177.78